1,2,3
1K+ bought in past month,,"Sony WH-CH520, Wireless On-Ear Bluetooth Headphones with Mic, Upto 50 Hours Playtime, DSEE Upscale, Multipoint Connectivity/Dual Pairing,Voice Assistant App Support for Mobile Phones (Blue)"
1K+ bought in past month,Best seller,"Sony WH-CH720N, Wireless Over-Ear Active Noise Cancellation Headphones with Mic, up to 35 Hours Playtime, Multi-Point Connection, App Support, AUX & Voice Assistant Support for Mobile Phones (Black)"
200+ bought in past month,,"Sony WH-CH720N, Wireless Over-Ear Active Noise Cancellation Headphones with Mic, up to 50 Hours Playtime, Multi-Point Connection, App Support, AUX & Voice Assistant Support for Mobile Phones (White)"
500+ bought in past month,,"Sony WH-1000XM5 Wireless The Best Active Noise Cancelling Headphones, 8 Mics for Clear Calling, 40Hr Battery, 3 Min Quick Charge = 3 Hours Playback, Multi Point Connectivity, Built-in Alexa - Black"
2K+ bought in past month,,"JBL Tune 510BT, On Ear Wireless Headphones with Mic, up to 40 Hours Playtime, Pure Bass, Quick Charging, Dual Pairing, Bluetooth 5.0 & Voice Assistant Support for Mobile Phones (Black)"
500+ bought in past month,,"boAt Nirvana 751 ANC Hybrid Active Noise Cancelling Bluetooth Wireless Over Ear Headphones with Up to 65H Playtime, ASAP Charge, Ambient Sound Mode, Immersive Sound, Carry Pouch(Gunmetal Grey)"
M.R.P: ,,Logitech H111 Wired On Ear Headphones With Mic Black
M.R.P: ,,"HP 500 Bluetooth Wireless Over Ear Headphones with Bluetooth 5.0,2X Speed, 4X Connectivity, with Mic,Water-Resistant Design and Up to 20 Hours Battery Life. 1-Year Warranty (2J875Aa)"
500+ bought in past month,,Sony Extra Bass MDR-XB450AP On-Ear Wired Headphones with Mic (Black)
M.R.P: ,,"Sony WH-CH520, Wireless On-Ear Bluetooth Headphones with Mic, Upto 50 Hours Playtime, DSEE Upscale, Multipoint Connectivity/Dual Pairing,Voice Assistant App Support for Mobile Phones (Black)"
100+ bought in past month,,"Sony PS5 Pulse 3D Gaming Wireless Over Ear Headset with Dual Noise-Cancellation Mic, 3.5mm Jack, Tempest 3D audio, USB Type-C charging, 12H Battery (Black)"
500+ bought in past month,,"Sony WH-CH720N, Wireless Over-Ear Active Noise Cancellation Headphones with Mic, up to 35 Hours Playtime, Multi-Point Connection, App Support, AUX & Voice Assistant Support for Mobile Phones (Blue)"
500+ bought in past month,Deal of the Day,"JBL Tune 760NC, Wireless Over Ear Active Noise Cancellation Headphones with Mic, up to 50 Hours Playtime, Pure Bass, Dual Pairing, AUX & Voice Assistant Support for Mobile Phones (Black)"
500+ bought in past month,Deal of the Day,"soundcore by Anker Q20i Wireless Bluetooth Over-Ear Headphones with Hybrid Active Noise Cancelling, 40h Playtime in ANC Mode, Hi-Res Audio, Deep Bass, Personalization via App (Black)"
2K+ bought in past month,Deal of the Day,"JBL C50HI, Wired in Ear Headphones with Mic, One Button Multi-Function Remote, Lightweight & Comfortable fit (Blue)"
500+ bought in past month,Deal of the Day,"JBL Tune 770NC Wireless Over Ear ANC Headphones with Mic, Upto 70 Hrs Playtime, Speedcharge, Google Fast Pair, Dual Pairing, BT 5.3 LE Audio, Customize on Headphones App (Black)"
